AreaInPixels,Perimeter,MajorAxis,MinorAxis,Eccentricity,ExtentRatio,Circularity,r_IntensityMean,r_IntensityMax,r_IntensityMin,r_IntensityStd,r_IntensityEntropy,r_IntensityEnergy,r_IntensitySkewness,r_IntensityKurtosis,r_GradientMean,r_GradientStd,r_GradientEntropy,r_GradientEnergy,r_GradientSkewness,r_GradientKurtosis,r_CannyNonZero,r_CannyMean,r_cytoIntensityMean,r_cytoIntensityMax,r_cytoIntensityMin,r_cytoIntensityStd,r_cytoIntensityEntropy,r_cytoIntensityEnergy,r_cytoIntensitySkewness,r_cytoIntensityKurtosis,r_cytoGradientMean,r_cytoGradientStd,r_cytoGradientEntropy,r_cytoGradientEnergy,r_cytoGradientSkewness,r_cytoGradientKurtosis,r_cytoCannyNonZero,r_cytoCannyMean,b_IntensityMean,b_IntensityMax,b_IntensityMin,b_IntensityStd,b_IntensityEntropy,b_IntensityEnergy,b_IntensitySkewness,b_IntensityKurtosis,b_GradientMean,b_GradientStd,b_GradientEntropy,b_GradientEnergy,b_GradientSkewness,b_GradientKurtosis,b_CannyNonZero,b_CannyMean,b_cytoIntensityMean,b_cytoIntensityMax,b_cytoIntensityMin,b_cytoIntensityStd,b_cytoIntensityEntropy,b_cytoIntensityEnergy,b_cytoIntensitySkewness,b_cytoIntensityKurtosis,b_cytoGradientMean,b_cytoGradientStd,b_cytoGradientEntropy,b_cytoGradientEnergy,b_cytoGradientSkewness,b_cytoGradientKurtosis,b_cytoCannyNonZero,b_cytoCannyMean,objID,NumberOfPixels,BoundingBoxTopLeftX,BoundingBoxTopLeftY,BoundingBoxBottomRightX,BoundingBoxBottomRightY,PhysicalSize,NumberOfPixelsOnBorder,FeretDiameter,PrincipalMoments0,PrincipalMoments1,Elongation,Perimeter,Roundness,EquivalentSphericalRadius,EquivalentSphericalPerimeter,EquivalentEllipsoidDiameter0,EquivalentEllipsoidDiameter1,Flatness,MeanR,MeanG,MeanB,StdR,StdG,StdB,Polygon
49,28.3848,9.65216,6.98601,0.690034,0.604938,0.764249,109,205,36,41.9869,5.39522,0.0254061,0.513697,2.47363,48.9388,22.1262,5.0941,0.03207,-0.456461,2.13084,20,104.082,234.366,253,127,15.0087,4.91316,0.0434599,-3.62533,19.9112,9.05307,14.8128,3.92453,0.111623,2.74889,10.062,88,62.6816,170.714,255,108,41.0704,5.28818,0.027072,0.308267,2.09202,33.6531,13.9248,4.77758,0.0395669,-0.0928945,2.08764,17,88.4694,237.676,255,156,10.9106,4.78824,0.0505758,-2.92003,19.0088,7.7933,10.6777,4.0541,0.0909616,3.03031,12.7401,101,71.9413,1,49,32755,8870,32764,8879,49,0,0,2.96694,5.73943,1.39085,26.9105,0.922108,3.94933,24.8144,6.69751,9.31522,1.39085,109,128.286,170.714,41.9869,49.6416,41.0704,[32759:8871:32756:8876:32762:8879:32764:8877]
94,44.8701,19.3294,7.08817,0.930338,0.502674,0.586711,137.383,255,34,56.4375,6.23544,0.0140335,0.104057,2.09914,56.2447,21.1915,5.618,0.0230874,-0.398251,2.6528,44,119.362,241.373,255,157,8.29837,4.26515,0.069228,-4.66701,36.9882,6.13204,10.146,3.54156,0.138196,3.39854,15.066,136,67.3398,186.84,255,103,34.991,5.80321,0.0201449,-0.147295,2.00295,30.1064,13.0893,5.23945,0.0301041,-0.149486,2.16296,36,97.6596,240.28,255,151,9.99395,4.82377,0.0451956,-3.0488,21.6412,6.30291,6.76639,3.90111,0.0906815,3.05355,14.8996,138,68.3301,2,94,32215,9065,32226,9082,94,0,0,3.0568,23.2683,2.75898,42.5395,0.807935,5.47002,34.3692,6.58634,18.1716,2.75898,137.383,148.245,186.84,56.4375,51.9471,34.991,[32217:9066:32220:9080:32223:9082:32226:9076]
111,41.2132,14.9981,9.57909,0.769466,0.74,0.821221,102.009,215,21,51.9682,6.21659,0.015502,0.486535,1.90705,46.0541,25.4303,5.55875,0.0244298,-0.208341,1.57264,39,89.5946,242.834,255,180,8.51614,4.29601,0.0696086,-3.67998,21.9769,6.52361,11.6352,3.46103,0.167109,2.98996,11.7333,107,56.0267,152.874,255,88,39.5878,6.21307,0.0148527,0.437916,2.11088,31.3423,15.9806,5.41223,0.027027,-0.0776766,1.81426,37,85,238.982,255,190,6.84124,4.36244,0.0710844,-2.00111,13.3008,5.11704,6.75963,3.56064,0.137147,3.21737,15.7128,132,69.117,3,111,31147,9532,31162,9542,111,0,0,5.6516,13.9755,1.57253,39.0726,0.95586,5.94411,37.3479,9.48019,14.9079,1.57253,102.009,113.054,152.874,51.9682,52.2809,39.5878,[31148:9536:31149:9540:31157:9542:31162:9537:31158:9533]
62,30.9706,10.848,7.64951,0.709054,0.688889,0.812276,108.871,214,26,51.4131,5.61944,0.0218522,0.392868,2.03801,52.0968,20.9606,5.31267,0.0280957,-0.299731,2.15405,26,106.935,237.824,255,132,14.6439,4.5005,0.0646756,-4.00676,22.1311,7.77995,12.9349,3.69797,0.137595,2.88032,11.5078,97,60.4768,164.194,248,66,46.1592,5.55493,0.0228928,0.044038,2.0834,41.4839,15.2672,5.00857,0.0359001,-0.292162,2.14661,25,102.823,240.545,255,173,9.36066,4.58714,0.0522893,-3.137,20.1059,5.98533,8.8359,3.68336,0.122734,3.35542,15.7816,110,68.5819,4,62,29497,11092,29506,11102,62,0,0,3.57386,7.27162,1.42642,29.3619,0.95064,4.44243,27.9126,7.43922,10.6114,1.42642,108.871,120.177,164.194,51.4131,55.9653,46.1592,[29499:11093:29500:11101:29503:11102:29505:11095]
