AreaInPixels,Perimeter,MajorAxis,MinorAxis,Eccentricity,ExtentRatio,Circularity,r_IntensityMean,r_IntensityMax,r_IntensityMin,r_IntensityStd,r_IntensityEntropy,r_IntensityEnergy,r_IntensitySkewness,r_IntensityKurtosis,r_GradientMean,r_GradientStd,r_GradientEntropy,r_GradientEnergy,r_GradientSkewness,r_GradientKurtosis,r_CannyNonZero,r_CannyMean,r_cytoIntensityMean,r_cytoIntensityMax,r_cytoIntensityMin,r_cytoIntensityStd,r_cytoIntensityEntropy,r_cytoIntensityEnergy,r_cytoIntensitySkewness,r_cytoIntensityKurtosis,r_cytoGradientMean,r_cytoGradientStd,r_cytoGradientEntropy,r_cytoGradientEnergy,r_cytoGradientSkewness,r_cytoGradientKurtosis,r_cytoCannyNonZero,r_cytoCannyMean,b_IntensityMean,b_IntensityMax,b_IntensityMin,b_IntensityStd,b_IntensityEntropy,b_IntensityEnergy,b_IntensitySkewness,b_IntensityKurtosis,b_GradientMean,b_GradientStd,b_GradientEntropy,b_GradientEnergy,b_GradientSkewness,b_GradientKurtosis,b_CannyNonZero,b_CannyMean,b_cytoIntensityMean,b_cytoIntensityMax,b_cytoIntensityMin,b_cytoIntensityStd,b_cytoIntensityEntropy,b_cytoIntensityEnergy,b_cytoIntensitySkewness,b_cytoIntensityKurtosis,b_cytoGradientMean,b_cytoGradientStd,b_cytoGradientEntropy,b_cytoGradientEnergy,b_cytoGradientSkewness,b_cytoGradientKurtosis,b_cytoCannyNonZero,b_cytoCannyMean,objID,NumberOfPixels,BoundingBoxTopLeftX,BoundingBoxTopLeftY,BoundingBoxBottomRightX,BoundingBoxBottomRightY,PhysicalSize,NumberOfPixelsOnBorder,FeretDiameter,PrincipalMoments0,PrincipalMoments1,Elongation,Perimeter,Roundness,EquivalentSphericalRadius,EquivalentSphericalPerimeter,EquivalentEllipsoidDiameter0,EquivalentEllipsoidDiameter1,Flatness,MeanR,MeanG,MeanB,StdR,StdG,StdB,Polygon
72,33.5563,12.8276,7.37738,0.81807,0.75,0.803513,138.486,245,39,52.5222,5.89215,0.0177469,0.235186,2.06697,51.2917,24.0505,5.49958,0.0239197,-0.287126,1.86205,30,106.25,242.898,255,202,5.30276,4.0378,0.0763139,-2.10244,14.6413,5.02546,9.19323,3.23407,0.169571,3.95887,19.4951,116,68.4722,182.458,248,118,33.9636,5.61437,0.0223765,0.165675,2.07925,31.375,14.5119,5.03959,0.0347222,0.0285172,2.31244,31,109.792,243.523,255,194,6.76075,4.3874,0.0584812,-1.65329,12.2033,5.02546,6.36082,3.36295,0.139618,4.01155,22.067,119,70.2431,1,72,34365,5334,34377,5342,72,0,0,3.31827,10.2008,1.75332,31.8134,0.945499,4.78731,30.0795,7.23087,12.678,1.75332,138.486,141.528,182.458,52.5222,51.2068,33.9636,[34366:5337:34368:5342:34377:5341:34372:5336]
76,35.2132,13.6336,7.42278,0.838794,0.649573,0.770216,104.316,235,9,60.8787,5.85964,0.0186981,0.411789,2.04217,62.2105,28.123,5.73451,0.0207756,-0.324614,2.03885,34,114.079,240.948,255,138,9.25835,4.44271,0.0593416,-5.36385,48.1813,6.92152,11.7853,3.68861,0.120915,3.4006,14.5373,119,68.0381,163.118,255,90,51.6883,5.77076,0.0200831,0.423494,1.88596,40.2895,19.743,5.46439,0.0256233,0.170305,2.12701,27,90.5921,239.778,255,168,10.6944,4.69317,0.0506747,-3.35833,19.4494,6.62108,9.51197,3.84013,0.0985944,3.65649,17.6639,133,76.0426,2,76,34702,5519,34715,5528,76,0,0,3.36027,11.5338,1.85267,33.3842,0.925701,4.91849,30.9038,7.22707,13.3894,1.85267,104.316,125.711,163.118,60.8787,62.2046,51.6883,[34715:5522:34709:5520:34703:5527:34712:5527]
65,30.9706,11.2819,7.52426,0.74512,0.722222,0.851579,93.3385,208,12,54.6095,5.75299,0.0201183,0.39248,2.22355,54.0308,23.2908,5.36053,0.0276923,-0.367578,2.38707,26,102,235.687,254,78,26.0351,4.59859,0.0695282,-3.81204,18.3319,10.5922,17.6341,4.06845,0.11826,2.17386,6.54725,84,51.9903,141.4,244,65,46.9343,5.70306,0.0205917,0.18796,2.10143,42.8462,17.4031,5.06792,0.0333728,-0.150685,2.6479,30,117.692,239.267,255,153,15.1733,4.68165,0.0597841,-3.302,15.3259,7.72087,10.5875,4.08218,0.103191,2.12359,6.7137,87,53.8471,3,65,34183,5888,34192,5898,65,0,0,3.45507,7.87179,1.50941,29.3619,0.973368,4.54864,28.58,7.4047,11.1768,1.50941,93.3385,103.215,141.4,54.6095,56.5445,46.9343,[34190:5889:34185:5893:34185:5898:34191:5896]
74,34.3848,13.0883,7.43279,0.8231,0.711538,0.786519,120.851,222,45,52.7033,5.77344,0.0200877,0.35481,1.90595,54.5946,20.6933,5.51642,0.0244704,-0.531477,2.18638,29,99.9324,241.943,255,125,10.1998,4.26557,0.0720902,-5.7434,51.686,6.14645,11.6565,3.29245,0.174473,3.43268,14.8822,101,58.9359,168.122,255,90,44.5193,5.90195,0.0178963,0.31122,2.02507,41.5405,15.6215,5.25993,0.0292184,-0.152093,2.29634,32,110.27,242.272,255,155,8.98875,4.35853,0.0629474,-4.51909,34.7969,5.4508,8.57304,3.44987,0.138268,3.65217,17.0516,125,72.9405,4,74,35373,8033,35386,8041,74,0,0,3.36956,10.6231,1.77558,32.5988,0.935447,4.85334,30.4944,7.28453,12.9342,1.77558,120.851,130.554,168.122,52.7033,57.1594,44.5193,[35374:8036:35379:8041:35386:8038:35379:8034]
